Top pages,Clicks,Impressions,CTR,Position
https://www.waarblijfthet.nl/inzichten/is-4000-euro-netto-goed-salaris-nederland,271,11804,2.3%,3.63
https://www.waarblijfthet.nl/inzichten/wat-is-normaal-bedrag-boodschappen-per-maand,174,10932,1.59%,11.58
https://www.waarblijfthet.nl/inzichten/is-5000-euro-netto-goed-salaris,52,2106,2.47%,5.56
https://www.waarblijfthet.nl/inzichten/kosten-levensonderhoud-alleenstaande-2026,45,2445,1.84%,9.74
https://www.waarblijfthet.nl/inzichten/klarna-niet-kunnen-betalen,26,2616,0.99%,11.77
https://www.waarblijfthet.nl/inzichten/netto-loonsverhoging-berekenen,25,2844,0.88%,8.96
https://www.waarblijfthet.nl/financieel-coach,17,58,29.31%,6.19
https://www.waarblijfthet.nl/inzichten/potjesmethode-gezin-hoe-werkt-het,14,179,7.82%,19.24
https://www.waarblijfthet.nl/inzichten/nibud-boodschappen-versus-werkelijkheid,11,1388,0.79%,8.51
https://www.waarblijfthet.nl/inzichten/samen-6000-euro-netto-toch-niets-over,8,109,7.34%,4.43
https://www.waarblijfthet.nl/inzichten/niet-rondkomen-met-4000-euro-netto,6,57,10.53%,5.95
https://www.waarblijfthet.nl/inzichten/huishoudboekje-voorbeeld,5,187,2.67%,18.95
https://www.waarblijfthet.nl/inzichten/verschil-budgetcoach-financieel-coach,4,1119,0.36%,56.23
https://www.waarblijfthet.nl/inzichten/hoeveel-sparen-per-maand-normaal-nederland,4,258,1.55%,11.51
https://www.waarblijfthet.nl/inzichten/waarom-hou-ik-nooit-geld-over,4,188,2.13%,22.31
https://www.waarblijfthet.nl/,4,59,6.78%,12.75
https://www.waarblijfthet.nl/inzichten/vaste-lasten-overzicht-maken,3,615,0.49%,43.84
https://www.waarblijfthet.nl/inzichten/wat-kost-een-financieel-coach,3,536,0.56%,26.53
https://www.waarblijfthet.nl/inzichten/kosten-levensonderhoud-alleenstaande-ouder-2026,3,192,1.56%,23.79
https://www.waarblijfthet.nl/inzichten/wat-kost-achteraf-betalen,3,191,1.57%,11.51
https://www.waarblijfthet.nl/inzichten/geld-indelen-salaris-potjes-systeem,3,86,3.49%,17.08
https://www.waarblijfthet.nl/inzichten/goed-salaris-toch-geldstress,3,49,6.12%,15.69
https://www.waarblijfthet.nl/inzichten/is-3000-netto-genoeg-gezin,3,32,9.38%,5.28
https://www.waarblijfthet.nl/inzichten/hoe-bespaar-je-op-boodschappen,3,24,12.5%,6.62
https://www.waarblijfthet.nl/inzichten/tweeverdieners-toch-krap,2,58,3.45%,14.07
https://www.waarblijfthet.nl/inzichten/vrij-besteedbaar-inkomen-berekenen,1,128,0.78%,8.45
https://www.waarblijfthet.nl/inzichten/kosten-verdelen-samenwonen-ongelijk-inkomen,1,90,1.11%,11.58
https://www.waarblijfthet.nl/inzichten/50-30-20-regel-hoger-inkomen,1,84,1.19%,68.87
https://www.waarblijfthet.nl/inzichten/hoeveel-financiele-ruimte-heb-ik,1,33,3.03%,12.27
https://www.waarblijfthet.nl/inzichten/budget-maken-dat-je-volhoudt,1,28,3.57%,10.46
https://www.waarblijfthet.nl/inzichten/goed-inkomen-weinig-vermogen,1,26,3.85%,13.15
https://www.waarblijfthet.nl/geldscan,1,19,5.26%,7.37
https://www.waarblijfthet.nl/inzichten/overzicht-achteraf-betalen,1,19,5.26%,7.37
https://www.waarblijfthet.nl/inzichten/moet-je-een-huishoudboekje-bijhouden,1,9,11.11%,17.89
https://www.waarblijfthet.nl/inzichten/grip-op-je-geld-krijgen,0,216,0%,81.75
https://www.waarblijfthet.nl/inzichten/bruto-naar-netto-loonstrook-uitleg,0,210,0%,66.43
https://www.waarblijfthet.nl/inzichten/vakantiegeld-netto-hoeveel-hou-je-over-2026,0,162,0%,86.29
https://www.waarblijfthet.nl/inzichten/wat-doet-een-financieel-adviseur,0,151,0%,39.8
https://www.waarblijfthet.nl/inzichten/hoe-weet-ik-of-ik-financieel-gezond-ben,0,59,0%,38.78
https://www.waarblijfthet.nl/inzichten/twee-autos-wat-kost-de-tweede-echt,0,38,0%,4.79
https://www.waarblijfthet.nl/inzichten/financieel-onafhankelijk-worden-realistisch,0,38,0%,52.76
https://www.waarblijfthet.nl/inzichten/lifestyle-inflatie-meer-verdienen-meer-uitgeven,0,32,0%,16.22
https://www.waarblijfthet.nl/inzichten/kerstpot-en-verjaardagspot-zo-bouwden-we-die,0,18,0%,48.56
https://www.waarblijfthet.nl/inzichten/waar-blijft-mijn-geld-einde-maand,0,15,0%,57.47
https://www.waarblijfthet.nl/inzichten/schamen-niet-rondkomen-goed-inkomen,0,14,0%,70.29
https://www.waarblijfthet.nl/inzichten/stoppen-met-achteraf-betalen,0,13,0%,9.54
https://www.waarblijfthet.nl/inzichten/wat-kost-december-feestdagen-gezin,0,13,0%,17.31
https://www.waarblijfthet.nl/inzichten/ons-boodschappenbudget-mislukte-tot-we-dit-deden,0,12,0%,33.08
https://www.waarblijfthet.nl/inzichten/geld-stress-relatie-nederland,0,11,0%,15.18
https://www.waarblijfthet.nl/inzichten/scheiden-goed-inkomen-toch-niks-over,0,11,0%,53.64
https://www.waarblijfthet.nl/inzichten/auto-kopen-of-leasen-kosten-per-maand,0,9,0%,9.67
https://www.waarblijfthet.nl/inzichten/tweede-inkomen-loont-niet-tweeverdieners,0,8,0%,6.88
https://www.waarblijfthet.nl/rapporten/stel-zonder-kinderen,0,7,0%,7.71
https://www.waarblijfthet.nl/inzichten/samengesteld-gezin-twee-huishoudens-een-budget,0,7,0%,10.57
https://www.waarblijfthet.nl/inzichten/bso-kosten-tweede-inkomen-zo-draaiden-we-het-om,0,6,0%,8.67
https://www.waarblijfthet.nl/rapporten,0,5,0%,3.4
https://www.waarblijfthet.nl/rapporten/zzp-wisselend-inkomen,0,5,0%,7.6
https://www.waarblijfthet.nl/inzichten/vergeten-aftrekposten-belastingaangifte,0,5,0%,10
https://www.waarblijfthet.nl/inzichten/53-weken-spaaruitdaging-schema-2026,0,4,0%,4.5
https://www.waarblijfthet.nl/rapporten/alleenstaande-ouder-twee-kinderen,0,4,0%,9.75
https://www.waarblijfthet.nl/inzichten/kosten-levensonderhoud-zzp-alleenstaande-2026,0,3,0%,8.67
https://www.waarblijfthet.nl/inzichten/praten-over-geld-met-je-partner,0,2,0%,6
https://www.waarblijfthet.nl/inzichten/waarom-lijkt-iedereen-rijker,0,2,0%,6
https://www.waarblijfthet.nl/rapporten/tweeverdieners-drie-kinderen,0,2,0%,8.5
https://www.waarblijfthet.nl/samenwerken/budgetcoaches,0,2,0%,39.5
https://www.waarblijfthet.nl/rapporten/alleenstaand-huurwoning,0,1,0%,5