Top queries,Clicks,Impressions,CTR,Position
is 4000 netto een goed salaris,34,497,6.84%,2.86
jarno koopman,10,19,52.63%,3
4000 netto goed salaris,6,71,8.45%,2.99
is 5000 netto per maand veel,5,104,4.81%,3.22
is 4000 euro netto per maand veel,4,78,5.13%,4.82
is 4500 netto een goed salaris,3,80,3.75%,6.56
is 4000 euro netto een goed salaris,3,59,5.08%,7.41
4000 netto per maand,3,55,5.45%,6.15
is 5000 netto een goed salaris,3,42,7.14%,2.71
4000 netto naar bruto,3,35,8.57%,1.2
5000 netto,3,21,14.29%,6.76
nibud boodschappen 2 personen 2026,2,75,2.67%,6.55
4000 netto,2,51,3.92%,8.25
is 4200 netto een goed salaris,2,50,4%,6.9
4000 netto per maand verdienen,2,25,8%,6.04
klarna uitstel betaling,2,8,25%,8.88
wijzer in geldzaken,2,4,50%,14
modaal inkomen 2026,1,118,0.85%,2.38
geld,1,93,1.08%,2.98
arbeidsloon,1,56,1.79%,3.95
5000 euro netto per maand,1,54,1.85%,22.22
nibud boodschappen 2 personen,1,43,2.33%,24.44
boodschappen 1 persoon per maand 2026,1,40,2.5%,2.55
is 4300 netto een goed salaris,1,36,2.78%,4.14
huishoudboekje rabobank,1,34,2.94%,9.82
is 4000 netto per maand veel,1,33,3.03%,3.85
alleenstaande,1,32,3.12%,3.62
is €4000 netto een goed salaris,1,30,3.33%,2.4
klarna niet betalen,1,25,4%,49.16
wat geeft een gemiddeld gezin uit aan boodschappen per maand,1,24,4.17%,9.75
is 5000 euro netto per maand veel,1,23,4.35%,2.26
4000 euro netto,1,18,5.56%,12.61
modaal salaris 2026,1,12,8.33%,2.33
4000 netto verdienen,1,12,8.33%,5.58
geldfit,1,12,8.33%,16.83
hoeveel bruto is 4000 netto,1,11,9.09%,1
ceo betekenis,1,10,10%,2.2
mediaan inkomen nederland,1,9,11.11%,1.11
hoeveel is 4000 netto naar bruto,1,8,12.5%,1
5000 netto verdienen,1,8,12.5%,5.38
huishoudboekje voorbeeld,1,8,12.5%,20.75
5000 euro netto,1,7,14.29%,20.29
netto 4000 per maand,1,6,16.67%,1
salaris vuilnisman,1,6,16.67%,1.83
gemiddelde salaris nederland,1,5,20%,2.4
marktconform salaris,1,5,20%,2.6
hoeveel is 4000 bruto netto,1,4,25%,2.5
is 4600 netto een goed salaris,1,3,33.33%,1.33
salaris nederland,1,3,33.33%,1.67
boodschappenbudget per maand,1,3,33.33%,10
product manager salaris,1,2,50%,2
gemiddelde netto salaris nederland,1,1,100%,1
loon in nederland,1,1,100%,1
modaal bruto inkomen,1,1,100%,1
entrepreneur betekenis,1,1,100%,2
leeftijd rob jetten,1,1,100%,2
leerkracht lager onderwijs,1,1,100%,2
loon vastgoedmakelaar,1,1,100%,2
recruitrobin,1,1,100%,2
salaris business developer,1,1,100%,2
wat verdiend een huisarts gemiddeld,1,1,100%,2
aandeel bekaert,1,1,100%,3
robeco,1,1,100%,3
wat verdiend een elektricien in loondienst,1,1,100%,3
werk zoeken belgie,1,1,100%,3
willibrord frequin,1,1,100%,3
toezichthouder brp vacature,1,1,100%,5
is netto,1,1,100%,6
huisartsenpraktijk de linde,1,1,100%,7
lijst vaste lasten,1,1,100%,22
budgetcoach,0,289,0%,60.15
vaste lasten overzicht,0,158,0%,39.7
loonsverhoging berekenen,0,152,0%,10.53
budget coach,0,127,0%,54.25
salarisverhoging berekenen,0,95,0%,69.11
financieel coach,0,93,0%,29.56
wat doet een budgetcoach,0,90,0%,41.71
wat gebeurt er als je klarna niet betaalt,0,84,0%,18.58
levensonderhoud kosten,0,75,0%,24.19
budgetcoaching,0,74,0%,76.92
budgetcoach kosten,0,73,0%,41.23
wat kost een budgetcoach,0,70,0%,20.89
wie betaalt een budgetcoach,0,67,0%,53.76
vaste lasten,0,65,0%,56.72
financiele coach,0,63,0%,60.52
kosten van levensonderhoud,0,62,0%,23.48
kosten boodschappen per maand 2 personen,0,61,0%,40.82
kosten boodschappen per maand,0,59,0%,37.75
boodschappen per maand,0,58,0%,33.57
nibud boodschappen,0,57,0%,21.98
gemiddelde uitgaven boodschappen per maand,0,57,0%,38.25
grip op je geld,0,56,0%,81
gemiddeld boodschappen per maand 2 personen,0,55,0%,36.98
klarna aanmaningskosten,0,54,0%,28.31
gemiddelde kosten boodschappen 4 personen per maand,0,54,0%,43.48
boodschappen budget,0,54,0%,69.09
gemiddeld uitgaven boodschappen,0,51,0%,52.2
gemiddeld boodschappen per maand,0,49,0%,36.73
gemiddelde uitgave boodschappen 1 persoon,0,49,0%,37.29
boodschappen kosten per maand 1 persoon,0,49,0%,40.1
wat zijn vaste lasten,0,49,0%,67.86
gemiddelde boodschappen per maand,0,48,0%,36.4
hoe werkt financieel advies,0,48,0%,53.5
boodschappen budget 2 personen,0,47,0%,54.4
gemiddelde kosten boodschappen 2 personen,0,46,0%,47.5
kosten boodschappen 2 personen,0,46,0%,47.74
meer geld overhouden,0,44,0%,40.93
gemiddelde uitgaven per maand 2 personen,0,44,0%,67.05
wat kost een financieel planner,0,40,0%,40.27
grip op geld,0,38,0%,85.16
budget boodschappen 1 persoon,0,37,0%,54.73
50 30 20 regel,0,36,0%,78.19
nibud boodschappen per maand alleenstaande,0,35,0%,33.46
budgetbeheer of budgetcoach,0,34,0%,80.88
geldcoach,0,33,0%,17.82
duitsland,0,32,0%,3
rabobank huishoudboekje,0,32,0%,9.97
geld potjes,0,32,0%,47.5
alleenstaand,0,32,0%,69.97
hoeveel vakantiegeld krijg ik,0,32,0%,94.31
wat is een budgetcoach,0,29,0%,84.62
grip op vaste lasten,0,28,0%,83.96
wat is een modaal inkomen 2026,0,27,0%,2.33
5000 netto per maand,0,27,0%,8.04
vaste lasten berekenen,0,27,0%,77.44
wat als je klarna niet op tijd betaald,0,26,0%,9.27
financiele gezondheid,0,25,0%,43.56
is 5500 netto een goed salaris,0,24,0%,6.58
hoeveel geeft een gezin van 2 uit aan boodschappen,0,24,0%,10.67
ik kan klarna niet betalen wat nu,0,24,0%,10.79
gemiddeld salaris nederland,0,23,0%,2.26
levensonderhoud,0,22,0%,48.86
gemiddelde boodschappen per maand 2 personen,0,21,0%,12.57
klarna storing,0,21,0%,30.14
grip op geldzaken,0,21,0%,93.52
jobat,0,20,0%,4.2
nibud norm boodschappen,0,20,0%,13.05
klarna incasso,0,20,0%,40.45
budgetcoach nodig,0,20,0%,42.45
kosten financiele planning,0,20,0%,79.1
4500 bruto naar netto,0,19,0%,2.37
budget coaching,0,19,0%,70.58
grip op geld app,0,19,0%,81.11
modaal inkomen nederland,0,18,0%,1.17
bouwvakker,0,18,0%,3.39
overzicht huishoudboekje,0,18,0%,32.72
grip op cashflow,0,18,0%,86.83
modaal inkomen,0,17,0%,2
is 3500 netto een goed salaris,0,17,0%,5.71
nibud boodschappen 1 persoon per maand,0,17,0%,9.76
lifestyle inflatie,0,17,0%,20.94
wat verdient een budgetcoach,0,17,0%,28.41
kosten levensonderhoud,0,17,0%,30.41
overzicht vaste lasten,0,17,0%,36.82
geld overhouden,0,17,0%,37.71
gemiddelde uitgaven boodschappen,0,17,0%,44
kosten levensonderhoud volwassene,0,17,0%,48.18
eenoudertoeslag,0,17,0%,48.41
hoge vaste lasten,0,17,0%,50.06
berekening vaste lasten,0,17,0%,82.76
4000 euro netto per maand,0,16,0%,7.94
advies financiering,0,16,0%,58.69
hoeveel vakantiegeld krijg ik netto,0,16,0%,86.19
professioneel budgetcoach,0,16,0%,96.31
wat is modaal inkomen 2026,0,15,0%,1.67
oekraïne,0,15,0%,3.47
werk,0,15,0%,3.6
wat gebeurt er als je klarna niet betaald,0,15,0%,10
hoeveel geeft een gezin van 3 uit aan boodschappen,0,15,0%,10.27
huisarts,0,14,0%,3.79
frankrijk,0,14,0%,3.86
vacatures,0,14,0%,6.21
raisin site:.nl,0,14,0%,9.71
huishoudboekje,0,14,0%,45.43
vaste lasten per maand,0,14,0%,46.57
loonstrook berekenen,0,14,0%,93.64
salaris brandweerman,0,13,0%,2
jan modaal 2026,0,13,0%,2.54
transportbedrijf,0,13,0%,3
is 3800 netto een goed salaris,0,13,0%,3.85
boodschappenbudget voor 2 personen per maand 2026 belgië,0,13,0%,24.85
boodschappen student per maand,0,13,0%,69.69
wat verdient een huisarts,0,12,0%,2.58
badmeester,0,12,0%,3.42
wat gebeurt er als je klarna te laat betaald,0,12,0%,13.17
wat valt er onder vaste lasten,0,12,0%,31.92
inkomen verdelen tussen partner,0,12,0%,32.08
financieel gezond,0,12,0%,34.67
lijst vaste lasten per maand,0,12,0%,55.25
budget boodschappen,0,12,0%,66.25
gemiddelde vaste lasten 2 personen,0,12,0%,81.17
proforma loonstrook,0,12,0%,90.08
vakantiegeld hoeveel procent,0,12,0%,96.5
ja,0,11,0%,4.36
is 4100 netto een goed salaris,0,11,0%,7.82
nibud boodschappen alleenstaande per maand 2026,0,11,0%,8.55
nibud boodschappen gezin 3 per maand 2026,0,11,0%,9
gemiddelde kosten boodschappen 3 personen per maand,0,11,0%,9.27
wat gebeurt er als je klarna niet op tijd betaald,0,11,0%,9.36
hoe hou ik geld over,0,11,0%,22.36
boodschappen per maand gezin,0,11,0%,34.91
gemiddelde maandlasten,0,11,0%,55.82
pro forma loonstrook,0,11,0%,91.91
hoeveel is vakantiegeld,0,11,0%,95.18
gemiddeld inkomen nederland,0,10,0%,2.2
wat is het gemiddelde inkomen in nederland,0,10,0%,2.7
buschauffeur,0,10,0%,3.3
ikberekenhet,0,10,0%,6
is 4500 euro netto een goed salaris,0,10,0%,6.2
hoeveel ben je kwijt aan boodschappen per maand,0,10,0%,10.2
boodschappenbudget voor 4 personen per maand 2026 belgië,0,10,0%,25.5
boodschappenbudget voor 1 persoon per maand 2026 belgië,0,10,0%,25.7
wat valt onder vaste lasten,0,10,0%,27.5
kosten boodschappen per maand 1 persoon,0,10,0%,31
financieel onafhankelijk worden,0,10,0%,43.6
nibud kosten levensonderhoud,0,10,0%,45.9
financieel onafhankelijk,0,10,0%,49.2
financieel adviseur en beleggingsadviseur,0,10,0%,50.6
wat zijn de vaste lasten,0,10,0%,61.2
kosten huishouden,0,10,0%,63.4
4000 bruto naar netto,0,9,0%,3
kosten levensonderhoud alleenstaande,0,9,0%,9.33
hoeveel is 3.5 loonsverhoging,0,9,0%,10.33
wat als je klarna niet betaald,0,9,0%,10.89
wat ben je gemiddeld kwijt aan boodschappen per maand,0,9,0%,17.56
hoeveel boodschappen per maand 2 personen,0,9,0%,19.33
nibud boodschappen per maand,0,9,0%,21.67
gemiddeld boodschappen per maand 1 persoon,0,9,0%,24.67
huishoudboekje bijhouden,0,9,0%,25.33
wat kost een financieel adviseur,0,9,0%,30
vaste lasten lijst,0,9,0%,37.89
gemiddelde kosten boodschappen,0,9,0%,49.33
scheiden zonder inkomen,0,9,0%,63.56
financiële coach,0,9,0%,69.33
moeilijk rondkomen,0,9,0%,73.11
vakantiegeld 2026,0,9,0%,75.44
vakantiegeld bruto netto,0,9,0%,85.89
salarisopbouw nederland,0,8,0%,1
wat zijn hogere inkomens,0,8,0%,2
gemiddeld inkomen nederland netto,0,8,0%,2.12
nibud,0,8,0%,2.5
4000 bruto naar netto belgië,0,8,0%,3
salaris,0,8,0%,4
klarna niet kunnen betalen,0,8,0%,7
is 3600 netto een goed salaris,0,8,0%,8.75
hoeveel geeft 1 persoon uit aan boodschappen per maand,0,8,0%,10.75
kosten voor levensonderhoud,0,8,0%,18.25
gemiddelde kosten boodschappen 1 persoon per maand,0,8,0%,20.38
wat kosten boodschappen per maand,0,8,0%,23
gemiddelde kosten boodschappen 2 personen per maand,0,8,0%,25.25
hoeveel kosten boodschappen per maand 1 persoon,0,8,0%,26.25
wat is een goed netto salaris,0,8,0%,27.75
nibud boodschappen 4 personen,0,8,0%,28.12
gemiddelde kosten boodschappen 1 persoon,0,8,0%,30.12
wat is een goed salaris,0,8,0%,36.38
hoeveel huishoudgeld voor 2 personen,0,8,0%,44.38
hoeveel vaste lasten per maand,0,8,0%,45
welke vaste lasten zijn er,0,8,0%,54.5
gemiddelde uitgaven per maand,0,8,0%,62.88
financiële onafhankelijkheid,0,8,0%,70
uitgaven per maand 1 persoon,0,8,0%,70.25
wat is alleenstaande ouderkop,0,8,0%,74
accountmanager salaris,0,7,0%,2
sales manager salaris,0,7,0%,2
wat is een modaal inkomen,0,7,0%,2
optometrist salaris,0,7,0%,2.29
gemiddeld salaris nederland per leeftijd,0,7,0%,2.86
spanje,0,7,0%,3.14
netto,0,7,0%,3.57
ik verdien 4000 netto per maand,0,7,0%,6
is 3400 netto een goed salaris,0,7,0%,12.57
boodschappenbudget voor 2 personen per maand 2026,0,7,0%,12.86
hoeveel geef je uit aan boodschappen per maand,0,7,0%,17.57
nibud normbedragen,0,7,0%,25.29
boodschappen 2 personen per maand,0,7,0%,29
boodschappen per maand 2 personen,0,7,0%,29.86
alleenstaande ouderkop 2026,0,7,0%,30.71
alle vaste lasten op een rij,0,7,0%,58.29
financieel adviseur kosten,0,7,0%,60
bruto netto vakantiegeld berekenen,0,7,0%,92.71
hoeveel vakantiegeld krijg je,0,7,0%,95.86
modaal salaris,0,6,0%,1.83
goed betaalde jobs,0,6,0%,2
bankrun,0,6,0%,2.83
hondsbrutale hornbach medewerker,0,6,0%,3.5
hornbach medewerker,0,6,0%,3.83
netto 4000,0,6,0%,4.83
vacature,0,6,0%,5.67
is 4800 netto een goed salaris,0,6,0%,8.67
huishoudboekje rabobank gratis,0,6,0%,9.17
hoeveel geeft een alleenstaande uit aan boodschappen,0,6,0%,9.67
klarna niet op tijd betalen,0,6,0%,12.33
boodschappenbudget voor 1 persoon per maand 2026,0,6,0%,16.67
4500 netto per maand,0,6,0%,17.33
is 4000 bruto een goed salaris,0,6,0%,17.33
nibud boodschappen 3 personen,0,6,0%,30.17
hoeveel kosten boodschappen per maand,0,6,0%,30.67
boodschappen per maand 1 persoon,0,6,0%,31
hoeveel boodschappen per maand 1 persoon,0,6,0%,31
boodschappen twee personen per maand,0,6,0%,33.83
vaste kosten per maand,0,6,0%,41.33
gemiddelde vaste lasten,0,6,0%,46.67
maandlasten overzicht,0,6,0%,46.83
wat zijn mijn vaste lasten,0,6,0%,52
vaste lasten op jezelf wonen,0,6,0%,56.33
gemiddelde vaste lasten 1 persoon,0,6,0%,56.5
hoeveel geld over na vaste lasten,0,6,0%,62.17
klarna te laat betalen,0,6,0%,65.33
levensstandaard,0,6,0%,67.33
50 20 30 regel,0,6,0%,82
ik zoek een budgetcoach,0,6,0%,92.5
modaal salaris nederland,0,5,0%,1
wat is 4000 netto naar bruto,0,5,0%,1.4
5000 netto naar bruto,0,5,0%,1.6
operationeel manager salaris,0,5,0%,1.6
salaris beleidsmedewerker gemeente,0,5,0%,1.6
prinsjesdag 2026,0,5,0%,2
werkvoorbereider salaris,0,5,0%,2
engineer salaris,0,5,0%,2.2
modaal inkomen 2026 netto,0,5,0%,2.2
2x modaal inkomen netto,0,5,0%,2.4
is 4700 netto een goed salaris,0,5,0%,2.6
wat is het gemiddelde salaris in nederland,0,5,0%,2.6
rondkomen van 4000 euro per maand,0,5,0%,2.8
klaus-michael kühne,0,5,0%,3
rente,0,5,0%,3
wat wordt verstaan onder hogere inkomens,0,5,0%,3
graag,0,5,0%,3.2
huis,0,5,0%,3.4
salariskompas,0,5,0%,5.2
nibud gemiddelde boodschappen alleenstaande per maand 2026,0,5,0%,7.2
nibud boodschappen gezin 3 personen per maand 2026,0,5,0%,9
hoeveel geeft een gezin van 4 uit aan boodschappen,0,5,0%,10.4
is 3000 netto een goed salaris,0,5,0%,10.8
gemiddelde boodschappen per maand 1 persoon,0,5,0%,14
nibud kosten boodschappen,0,5,0%,17
nibud boodschappen 5 personen,0,5,0%,17.6
waarom kan ik niet betalen met klarna,0,5,0%,17.8
wat als je klarna te laat betaald,0,5,0%,27.6
is 5000 bruto een goed salaris,0,5,0%,29.6
boodschappen kosten per maand,0,5,0%,31.6
nibud boodschappen 1 persoon,0,5,0%,36.2
wat kost financieel advies,0,5,0%,36.2
geld coach,0,5,0%,55
4000 bruto,0,5,0%,57
coaching tarief,0,5,0%,58.8
financieel inzicht betekenis,0,5,0%,83.6
48000 bruto naar netto,0,4,0%,1
hoeveel moet je bruto verdienen voor 4000 netto,0,4,0%,1.25
jobcoach salaris,0,4,0%,1.25
mediaan salaris nederland,0,4,0%,1.25
is 3700 netto een goed salaris,0,4,0%,1.5
wat is het modale inkomen in nederland,0,4,0%,1.5
als je 4000 netto verdient hoeveel is dat bruto,0,4,0%,1.75
salaris operations manager,0,4,0%,1.75
salaris recruiter,0,4,0%,1.75
filiaalmanager salaris,0,4,0%,2
floormanager salaris,0,4,0%,2
it manager salaris,0,4,0%,2
office manager salaris,0,4,0%,2
project engineer salaris,0,4,0%,2
projectleider salaris,0,4,0%,2
salaris data analist,0,4,0%,2
wat verdient een vuilnisman,0,4,0%,2
data analist salaris,0,4,0%,2.25
heftruckchauffeur salaris,0,4,0%,2.25
phd salaris,0,4,0%,2.25
salaris accountant,0,4,0%,2.25
veiligheidskundige salaris,0,4,0%,2.5
is 5.000 netto een goed salaris,0,4,0%,2.75
pakketbezorger,0,4,0%,2.75
boer,0,4,0%,3
sparen,0,4,0%,3
directeur,0,4,0%,3.5
hoeveel is dat netto?,0,4,0%,5.25
jobs,0,4,0%,5.25
hoeveel is 3 procent loonsverhoging netto,0,4,0%,6.25
netto loonsverhoging berekenen,0,4,0%,7
gemiddelde uitgaven boodschappen per maand 2 personen,0,4,0%,7.25
gemiddeld boodschappen per maand 4 personen,0,4,0%,8.5
hoeveel geeft een gemiddeld gezin uit aan boodschappen,0,4,0%,10
huisarts rhoon,0,4,0%,10.75
wat gebeurd er als je klarna niet betaald,0,4,0%,11.5
klarna achteraf betalen werkt niet,0,4,0%,12.5
kost klarna geld,0,4,0%,13.25
wat als ik klarna niet op tijd betaal,0,4,0%,13.25
hoeveel kost boodschappen per maand,0,4,0%,13.5
wat kosten boodschappen per maand voor 2 personen,0,4,0%,14
grip op je zaak,0,4,0%,15
gemiddeld boodschappen per maand 3 personen,0,4,0%,16.5
financieel onafhankelijk blog,0,4,0%,19.25
is 5000 netto veel,0,4,0%,19.5
klara betalen,0,4,0%,19.5
waarom kan ik niet met klarna betalen,0,4,0%,23.5
consumptief besteedbaar inkomen,0,4,0%,25.25
boodschappen gezin,0,4,0%,26
voorbeeld huishoudboekje,0,4,0%,28.75
klarna verzoek afgewezen,0,4,0%,30.25
4000 bruto goed salaris,0,4,0%,31.25
hoeveel geld krijg je als alleenstaande moeder,0,4,0%,33.75
netto twk resultaat,0,4,0%,40.25
boodschappen gemiddeld gezin,0,4,0%,40.75
hoeveel hou je over van 5000 bruto,0,4,0%,41.75
kosten levensonderhoud nibud,0,4,0%,41.75
financieel planner kosten,0,4,0%,46.25
hoeveel geld overhouden na vaste lasten,0,4,0%,54
maandelijkse uitgaven,0,4,0%,54
wat wordt verstaan onder vaste lasten,0,4,0%,58.25
hoeveel leefgeld per maand,0,4,0%,60.5
voorbeelden vaste lasten,0,4,0%,60.75
maandelijkse vaste lasten,0,4,0%,72.75
spaarregel 50 30 20,0,4,0%,72.75
geld overzicht,0,4,0%,73
budgetcoach opleiding,0,4,0%,83.5
financieel vrijheid,0,4,0%,88.75
50 20 30,0,4,0%,89.5
brutoloon,0,4,0%,92.5
vakantiegeld berekenen netto,0,4,0%,93.5
4400 netto,0,3,0%,1.33
is 3600 euro netto een goed salaris,0,3,0%,1.33
4000 euro netto naar bruto,0,3,0%,1.67
is 4400 netto een goed salaris,0,3,0%,1.67
modale inkomen nederland,0,3,0%,1.67
wat is een goed salaris in nederland,0,3,0%,1.67
wat moet ik verdienen,0,3,0%,1.67
data scientist salaris,0,3,0%,2
gemiddeld netto loon nederland,0,3,0%,2
gemiddeld nettoloon belgie,0,3,0%,2
hoeveel verdient een huisarts,0,3,0%,2
inkomen huisarts netto,0,3,0%,2
is 3900 netto een goed salaris,0,3,0%,2
loon verpleegkundige,0,3,0%,2
maatschappelijk werk opleiding,0,3,0%,2
nieuwe job zoeken,0,3,0%,2
procesoperator salaris,0,3,0%,2
salaris huisarts eigen praktijk,0,3,0%,2
salaris office manager,0,3,0%,2
salaris optometrist,0,3,0%,2
salaris transportplanner,0,3,0%,2
salaris vestigingsmanager,0,3,0%,2
trambestuurder salaris,0,3,0%,2
vuilnisman salaris,0,3,0%,2
warehouse manager salaris,0,3,0%,2
wat is modaal inkomen,0,3,0%,2
2 personen,0,3,0%,2.33
fire,0,3,0%,2.33
gemiddeld netto salaris nederland,0,3,0%,2.33
gemiddeld salaris per leeftijd,0,3,0%,2.33
hoe hoog is een modaal inkomen,0,3,0%,2.33
opticien salaris,0,3,0%,2.33
salaris elektricien,0,3,0%,2.33
salaris jurist,0,3,0%,2.33
salaris kapper,0,3,0%,2.33
wat is het gemiddelde netto salaris in nederland,0,3,0%,2.33
wat verdiend een postbode,0,3,0%,2.33
wat verdient een chirurg,0,3,0%,2.33
wat verdient een verpleegkundige,0,3,0%,2.33
welke banen verdienen goed,0,3,0%,2.33
coo,0,3,0%,2.67
gemiddeld uurloon nederland,0,3,0%,2.67
gemiddelde inkomen nederland,0,3,0%,2.67
goed betaalde banen,0,3,0%,2.67
jurist salaris,0,3,0%,2.67
wat is gemiddeld salaris in nederland,0,3,0%,2.67
wat verdiend een taxichauffeur,0,3,0%,2.67
bank,0,3,0%,3
cardioloog,0,3,0%,3
geld besparen op boodschappen,0,3,0%,3
ik kan niet rondkomen van mijn salaris,0,3,0%,3
landbouw,0,3,0%,3
slachterij,0,3,0%,3
thuisarts,0,3,0%,3
werken vanuit huis vacatures,0,3,0%,3
bernard leenstra huisartsenpraktijk,0,3,0%,3.33
fruitteelt,0,3,0%,3.33
vuilnisman,0,3,0%,3.33
werken bij basic fit,0,3,0%,3.33
arts,0,3,0%,3.67
cao bouw,0,3,0%,3.67
gezin van 5,0,3,0%,3.67
bruto naar netto,0,3,0%,4
leuke vacatures,0,3,0%,4.33
vacatures enschede,0,3,0%,5.67
boodschappen,0,3,0%,6
is 3500 euro netto een goed salaris,0,3,0%,6.33
bruto netto calculator,0,3,0%,7.33
vacatures friesland,0,3,0%,7.33
hoeveel geeft een persoon gemiddeld uit aan boodschappen,0,3,0%,10.33
ik kan niet betalen met klarna,0,3,0%,10.33
wat gebeurd er als je klarna niet op tijd betaald,0,3,0%,10.33
klarna herinneringskosten,0,3,0%,10.67
nibud huishoudboekje voorbeeld,0,3,0%,13
het wordt krap,0,3,0%,15.33
klarna niet op tijd betaald,0,3,0%,17.67
automatische incasso klarna,0,3,0%,25.33
boodschappen 1 persoon per maand,0,3,0%,27
betalingsregeling klarna,0,3,0%,31.67
hoeveel boodschappen per maand,0,3,0%,33.67
wat geeft een gemiddeld gezin uit aan boodschappen,0,3,0%,34
gemiddelde uitgave boodschappen 2 personen,0,3,0%,37
storing klarna,0,3,0%,37
is 7000 bruto een goed salaris,0,3,0%,38.33
hoeveel procent loonsverhoging,0,3,0%,42.67
wat krijg je als alleenstaande moeder,0,3,0%,43.67
wat krijgt een alleenstaande moeder,0,3,0%,43.67
vaste lasten huishouden,0,3,0%,46.67
wanneer financieel adviseur inschakelen,0,3,0%,47.33
mag klarna incasso kosten rekenen,0,3,0%,53
alleenstaande ouderkop,0,3,0%,55.33
ik kom niet rond met mijn loon,0,3,0%,58.33
voordelen alleenstaande ouder,0,3,0%,60.33
uitgaven per maand,0,3,0%,63.67
wat is financiële coaching,0,3,0%,63.67
wat kost een business coach,0,3,0%,63.67
20 30 50 regel,0,3,0%,64
tarieven coaching,0,3,0%,64.33
bruteren,0,3,0%,71
maandelijkse uitgaven overzicht,0,3,0%,82.67
netto vakantiegeld berekenen,0,3,0%,86.67
vakantiegeld calculator,0,3,0%,90.67
netto vakantiegeld berekenen 2025,0,3,0%,92.33
vakantiegeld bruto naar netto,0,3,0%,93
wat is bruto,0,3,0%,99.33
4200 netto naar bruto,0,2,0%,1
4k netto,0,2,0%,1
4k netto naar bruto,0,2,0%,1
5k netto,0,2,0%,1
maintenance manager salaris,0,2,0%,1
salaris inkoper,0,2,0%,1
salaris operationeel manager,0,2,0%,1
wat is het modaal inkomen in nederland,0,2,0%,1
wat is het modale salaris in nederland,0,2,0%,1
wat is modaal inkomen in nederland,0,2,0%,1
category manager,0,2,0%,1.5
gemiddeld bruto maandsalaris nederland,0,2,0%,1.5
gemiddeld jaarsalaris nederland,0,2,0%,1.5
gemiddeld salaris in nederland,0,2,0%,1.5
heftruck chauffeur salaris,0,2,0%,1.5
hoe hoog is een modaal inkomen in 2026,0,2,0%,1.5
hoeveel is een modaal inkomen netto,0,2,0%,1.5
hoeveel is modaal inkomen 2026,0,2,0%,1.5
is 3750 netto een goed salaris,0,2,0%,1.5
modaal inkomen in nederland,0,2,0%,1.5
modaal netto maandsalaris,0,2,0%,1.5
planner salaris,0,2,0%,1.5
salaris backoffice medewerker,0,2,0%,1.5
salaris trambestuurder,0,2,0%,1.5
vastgoedbeheerder salaris,0,2,0%,1.5
wat is modaal salaris,0,2,0%,1.5
wat verdiend een gemiddelde nederlander per maand,0,2,0%,1.5
4.000 bruto naar netto,0,2,0%,2
4300 netto,0,2,0%,2
5 ploegendienst rooster,0,2,0%,2
accountmanager salaris netto,0,2,0%,2
banen zonder diploma,0,2,0%,2
bedrijfsarts salaris,0,2,0%,2
beleidsmedewerker gemeente salaris,0,2,0%,2
beleidsmedewerker salaris,0,2,0%,2
best betaalde banen zonder diploma,0,2,0%,2
best betaalde jobs,0,2,0%,2
chirurg salaris,0,2,0%,2
consultant,0,2,0%,2
consultant betekenis,0,2,0%,2
content creator salaris,0,2,0%,2
controller salaris,0,2,0%,2
coo betekenis,0,2,0%,2
customer service medewerker loon,0,2,0%,2
en in nederland,0,2,0%,2
engineer,0,2,0%,2
ethisch hacker salaris,0,2,0%,2
export manager,0,2,0%,2
financieel medewerker salaris,0,2,0%,2
functioneel beheerder salaris,0,2,0%,2
gemiddeld inkomen gezin per maand,0,2,0%,2
gemiddeld maandloon nederland,0,2,0%,2
gemiddeld netto maandsalaris nederland,0,2,0%,2
gemiddeld salaris huisarts,0,2,0%,2
general manager salaris,0,2,0%,2
geoloog betekenis,0,2,0%,2
goedbetaalde jobs,0,2,0%,2
goedkoop boodschappen doen,0,2,0%,2
hoeveel is 4000 netto bruto,0,2,0%,2
hoeveel is 4200 bruto netto per maand,0,2,0%,2
hoeveel is dit netto,0,2,0%,2
hoeveel is modaal inkomen,0,2,0%,2
hoog salaris,0,2,0%,2
hoogleraar salaris,0,2,0%,2
hr medewerker salaris,0,2,0%,2
huisartsenpraktijk,0,2,0%,2
hypotheekadviseur salaris,0,2,0%,2
ict salaris,0,2,0%,2
ingenieur,0,2,0%,2
it engineer salaris,0,2,0%,2
klarna,0,2,0%,2
marketing,0,2,0%,2
mt lid salaris,0,2,0%,2
operationeel inkoper salaris,0,2,0%,2
opleiding,0,2,0%,2
picnic boodschappen,0,2,0%,2
planoloog salaris,0,2,0%,2
quality manager salaris,0,2,0%,2
rondkomen van 1800 euro per maand,0,2,0%,2
salaris accountmanager,0,2,0%,2
salaris administratief medewerker,0,2,0%,2
salaris boa,0,2,0%,2
salaris bouwvakker,0,2,0%,2
salaris buschauffeur,0,2,0%,2
salaris casemanager,0,2,0%,2
salaris engineer hbo,0,2,0%,2
salaris havenmeester,0,2,0%,2
salaris it manager,0,2,0%,2
salaris laborant,0,2,0%,2
salaris lasser niveau 4,0,2,0%,2
salaris liftmonteur,0,2,0%,2
salaris magazijnchef,0,2,0%,2
salaris operator 5 ploegendienst,0,2,0%,2
salaris planner,0,2,0%,2
salaris plant manager,0,2,0%,2
salaris projectleider,0,2,0%,2
salaris sales manager,0,2,0%,2
salaris strategisch inkoper,0,2,0%,2
salaris systeembeheerder,0,2,0%,2
salaris timmerman,0,2,0%,2
salaris uitvoerder bouw,0,2,0%,2
salaris werkvoorbereider,0,2,0%,2
salarissen nederland,0,2,0%,2
schaal 12 rijksoverheid,0,2,0%,2
stukadoor salaris,0,2,0%,2
taxichauffeur salaris,0,2,0%,2
traineeship salaris,0,2,0%,2
treinmachinist worden,0,2,0%,2
vermogensbelasting,0,2,0%,2
wat doet een category manager,0,2,0%,2
wat is een coo,0,2,0%,2
wat is een modaal salaris,0,2,0%,2
wat is traden,0,2,0%,2
wat modaal inkomen,0,2,0%,2
wat verdient een manager in de zorg,0,2,0%,2
wat verdient een operationeel manager,0,2,0%,2
wat verdient een planner,0,2,0%,2
wat verdient een projectcoördinator,0,2,0%,2
welke baan verdient het meest,0,2,0%,2
zorgkundige opleiding,0,2,0%,2
3700 bruto naar netto,0,2,0%,2.5
4000 netto is hoeveel bruto,0,2,0%,2.5
4200 bruto naar netto,0,2,0%,2.5
accountant salaris,0,2,0%,2.5
best betaalde banen in nederland,0,2,0%,2.5
best betaalde jobs zonder diploma belgië,0,2,0%,2.5
bruto 4000 hoeveel netto,0,2,0%,2.5
cao kleinmetaal 2026,0,2,0%,2.5
dropshipping wat is dat,0,2,0%,2.5
gemiddeld jaarinkomen nederland,0,2,0%,2.5
gemiddeld salaris nederland netto,0,2,0%,2.5
gemiddelde salarissen nederland,0,2,0%,2.5
hoeveel verdient een administratief medewerker,0,2,0%,2.5
hoeveel verdient een huisarts per maand,0,2,0%,2.5
ict betekenis,0,2,0%,2.5
jade anna,0,2,0%,2.5
modaal 2026,0,2,0%,2.5
modaal.salaris 2026,0,2,0%,2.5
netto modaal inkomen 2026,0,2,0%,2.5
nibud maandbegroting,0,2,0%,2.5
opleiding automechanica,0,2,0%,2.5
pensioen,0,2,0%,2.5
prinsjesdag,0,2,0%,2.5
salaris audicien,0,2,0%,2.5
salaris automonteur,0,2,0%,2.5
salaris basisarts,0,2,0%,2.5
salaris business controller,0,2,0%,2.5
salaris controller,0,2,0%,2.5
salaris huisarts in loondienst,0,2,0%,2.5
salaris hypotheekadviseur,0,2,0%,2.5
salaris installatietechniek,0,2,0%,2.5
salaris makelaar,0,2,0%,2.5
salaris sales director,0,2,0%,2.5
salaris schoonheidsspecialiste,0,2,0%,2.5
salaris verzekeringsadviseur,0,2,0%,2.5
stratenmaker salaris,0,2,0%,2.5
voedselprijzen,0,2,0%,2.5
vrachtwagenchauffeur salaris,0,2,0%,2.5
waarom is alles zo duur in nederland,0,2,0%,2.5
wat betekent ceo afkorting,0,2,0%,2.5
wat is een gemiddeld maandsalaris in nederland,0,2,0%,2.5
wat verdient een bouwvakker netto per maand,0,2,0%,2.5
wat verdient een ceo,0,2,0%,2.5
wat verdient een marketing manager,0,2,0%,2.5
welk werk verdient goed,0,2,0%,2.5
welke hbo opleiding verdient het meest,0,2,0%,2.5
3800 bruto naar netto,0,2,0%,3
4000 bruto is hoeveel netto,0,2,0%,3
4000 netto per maand naar bruto,0,2,0%,3
4200 netto,0,2,0%,3
4600 bruto naar netto,0,2,0%,3
4700 bruto naar netto,0,2,0%,3
ambtenarensalaris,0,2,0%,3
bedrijfsmakelaar,0,2,0%,3
boodschappen duurder,0,2,0%,3
boven modaal,0,2,0%,3
box 3,0,2,0%,3
bruto naar netto berekenen,0,2,0%,3
business manager,0,2,0%,3
carolien vos,0,2,0%,3
ceo,0,2,0%,3
chemisch en industrieel reiniger,0,2,0%,3
economie van de verenigde staten,0,2,0%,3
frans everts salaris,0,2,0%,3
gemiddeld maandsalaris nederland,0,2,0%,3
gymdocent salaris,0,2,0%,3
het loon van,0,2,0%,3
hoeveel is middeninkomen,0,2,0%,3
in 2026,0,2,0%,3
kapper salaris,0,2,0%,3
koopkracht,0,2,0%,3
leerkracht,0,2,0%,3
loonbedrijf,0,2,0%,3
marcel van roosmalen,0,2,0%,3
marketing strateeg,0,2,0%,3
modaal,0,2,0%,3
modaal netto inkomen 2026,0,2,0%,3
netto salaris leerkracht basisonderwijs 5 dagen,0,2,0%,3
personeel gezocht met spoed,0,2,0%,3
postbode,0,2,0%,3
prinsjesdag 2026 uitgelekt,0,2,0%,3
producer,0,2,0%,3
salaris automonteur niveau 4,0,2,0%,3
salaris schaal,0,2,0%,3
trambestuurder,0,2,0%,3
vacatures groenvoorziening,0,2,0%,3
waarom zijn boodschappen zo duur,0,2,0%,3
waarom zijn de boodschappen zo duur,0,2,0%,3
wat te doen met 100.000 euro spaargeld,0,2,0%,3
wat verdient een gemiddelde nederlander per maand,0,2,0%,3
wat verdient een stratenmaker,0,2,0%,3
budgetbegeleiding,0,2,0%,3.5
gierige gerda tips,0,2,0%,3.5
inkomensverdeling nederland 2026,0,2,0%,3.5
nederland,0,2,0%,3.5
offshore vacatures,0,2,0%,3.5
oorlog oekraïne,0,2,0%,3.5
openingstijden jumbo,0,2,0%,3.5
openingsuren colruyt,0,2,0%,3.5
sociale woningbouw,0,2,0%,3.5
varkenshouderij,0,2,0%,3.5
administratief medewerker,0,2,0%,4
bernard leenstra huisarts,0,2,0%,4
bijverdienen,0,2,0%,4
cao rijk,0,2,0%,4
gemiddeld budget boodschappen 2 personen,0,2,0%,4
iran,0,2,0%,4
salarisschaal,0,2,0%,4
slager,0,2,0%,4
werken,0,2,0%,4
werken bij jan de nul,0,2,0%,4
werken in buitenland,0,2,0%,4
2 volwassenen en 2 kinderen,0,2,0%,4.5
boodschappenbudget 2 personen,0,2,0%,4.5
budget maaltijden gezin,0,2,0%,4.5
delhaize sint michiels,0,2,0%,4.5
het is netto,0,2,0%,4.5
wat is dit netto,0,2,0%,4.5
werken voor nederland,0,2,0%,4.5
bijverdienen van thuis uit,0,2,0%,5
bright plus vacatures,0,2,0%,5
is 4500 netto per maand veel,0,2,0%,5
jumbo folder,0,2,0%,5
san marino,0,2,0%,5
wit gele kruis,0,2,0%,5
goedkope boodschappen,0,2,0%,5.5
kind is 10 jaar,0,2,0%,5.5
salaris berekenen,0,2,0%,5.5
vacatures rijksoverheid,0,2,0%,5.5
vacatures twente,0,2,0%,5.5
1000,0,2,0%,6
hr vacatures,0,2,0%,6
vacatures administratief medewerker,0,2,0%,6
vacatures apeldoorn,0,2,0%,6
vacatures breda,0,2,0%,6
2 pubers,0,2,0%,6.5
salariswijzer,0,2,0%,6.5
hoeveel geld aan boodschappen per maand 2 personen,0,2,0%,7
vacature eindhoven,0,2,0%,7
bijbaan,0,2,0%,7.5
vacatures rotterdam,0,2,0%,7.5
en eten en drinken,0,2,0%,8
klarna regeling treffen,0,2,0%,8
wat gebeurt er als ik klarna niet op tijd betaal,0,2,0%,8
doelgroepregister vacatures,0,2,0%,8.5
wat kosten boodschappen per maand voor 1 persoon,0,2,0%,8.5
klarna kan niet betalen,0,2,0%,9
wat geeft een gezin van 3 personen uit aan boodschappen,0,2,0%,9
wat gebeurd er als je klarna te laat betaald,0,2,0%,10
boodschappen voor 1 persoon per maand,0,2,0%,10.5
kan niet betalen met klarna,0,2,0%,10.5
450 euro boodschappen per maand 1 persoon,0,2,0%,11
als je klarna niet op tijd betaald,0,2,0%,11
is 4100 bruto een goed salaris,0,2,0%,11
wanneer ben je financieel gezond,0,2,0%,11
verdienmodel klarna,0,2,0%,11.5
boodschappenbudget voor 3 personen per maand 2026,0,2,0%,12
gemiddeld boodschappenbudget,0,2,0%,12
klarna achteraf betalen lukt niet,0,2,0%,12
4000 euro bruto,0,2,0%,16
gateway kosten klarna,0,2,0%,16
klarna eerste herinnering,0,2,0%,16
maandelijks boodschappenbudget voor 2 personen,0,2,0%,16
wat kost klarna,0,2,0%,16
klarna kosten,0,2,0%,18
kosten klarna,0,2,0%,18.5
hoeveel aan boodschappen per maand,0,2,0%,19
ik kan niet met klarna betalen,0,2,0%,19
bruto meer verdienen netto minder overhouden,0,2,0%,19.5
hoeveel geef je gemiddeld uit aan boodschappen per maand,0,2,0%,20
hoeveel geld boodschappen per maand,0,2,0%,20
boodschappen gemiddeld per maand,0,2,0%,21
wat kost een coach per uur,0,2,0%,21
hoeveel geld voor boodschappen per maand,0,2,0%,21.5
huishoudboekje kasboek voorbeeld,0,2,0%,22.5
3500 netto per maand,0,2,0%,24
voorbeeld kasboek thuis,0,2,0%,24.5
waarom kan ik niet via klarna betalen,0,2,0%,24.5
gemiddeld inkomen gezin netto,0,2,0%,25.5
hoeveel geld aan boodschappen per maand,0,2,0%,25.5
kasboek voorbeeld huishoudboekje,0,2,0%,26.5
voorbeeld financieel overzicht,0,2,0%,26.5
hoeveel geld aan boodschappen per maand 1 persoon,0,2,0%,27
klarna automatische incasso,0,2,0%,28.5
klarna werkt niet,0,2,0%,28.5
wat is een normaal budget voor boodschappen,0,2,0%,29.5
boodschappen per week 2 personen,0,2,0%,30
hoeveel euro per maand aan boodschappen,0,2,0%,30
hoeveel geld boodschappen 2 personen,0,2,0%,30
huishoudboekje maken,0,2,0%,30
budgetcoach groep,0,2,0%,31.5
is 4300 bruto een goed salaris,0,2,0%,31.5
netto besteedbaar inkomen,0,2,0%,31.5
is 4800 bruto een goed salaris,0,2,0%,32
huishoudgeld,0,2,0%,34.5
5000 euro bruto naar netto,0,2,0%,35.5
is 4600 bruto een goed salaris,0,2,0%,36
is 4400 bruto een goed salaris,0,2,0%,36.5
hoeveel herinneringen klarna,0,2,0%,39
nibud normbedragen 2025,0,2,0%,40.5
2 5 procent loonsverhoging berekenen,0,2,0%,41
hoeveel procent vaste lasten,0,2,0%,41.5
waarom doet mijn klarna het niet,0,2,0%,42.5
hoe sta ik ervoor,0,2,0%,43
alleenstaande moeder inkomen,0,2,0%,44.5
kosten boodschappen,0,2,0%,44.5
vakantiegeld belasting 2026,0,2,0%,45
financieel coach opleiding,0,2,0%,46.5
hethuishoudboekje,0,2,0%,46.5
boodschappen gezin 4 personen,0,2,0%,47
financiële gezondheid,0,2,0%,47
mijn klarna doet het niet,0,2,0%,47
hoeveel euro boodschappen per maand,0,2,0%,47.5
salaris budgetcoach,0,2,0%,47.5
5000 bruto,0,2,0%,48
kosten per maand,0,2,0%,48.5
vaste kosten alleen wonen,0,2,0%,48.5
boodschappen kosten per maand 2 personen,0,2,0%,49
ik kom niet rond,0,2,0%,49
bruto loon,0,2,0%,50
wat is een gezin kwijt aan boodschappen,0,2,0%,50
gemiddelde uitgaven boodschappen 1 persoon,0,2,0%,50.5
50 / 30,0,2,0%,51.5
alleenstaande ouder,0,2,0%,52.5
gemiddelde uitgaven boodschappen 2 personen,0,2,0%,53.5
waarom kan ik klarna niet gebruiken,0,2,0%,54
weekbudget boodschappen 1 persoon,0,2,0%,54.5
is 3000 euro bruto een goed salaris,0,2,0%,56.5
financiele coaching,0,2,0%,57
budget boodschappen 2 personen,0,2,0%,60.5
afterpay kosten,0,2,0%,62
hoeveel geld boodschappen 1 persoon,0,2,0%,62
resterend bedrag,0,2,0%,64.5
salaris verhoging berekenen,0,2,0%,65.5
boodschappenbudget,0,2,0%,68.5
eenoudertoeslag 2025,0,2,0%,69
financieel adviseur,0,2,0%,69
vakantiegeld aow 2026 netto,0,2,0%,71
50/30/20,0,2,0%,74
de potjes check,0,2,0%,74
gemiddelde uitgaven per maand alleenstaande,0,2,0%,74
brutoloon betekenis,0,2,0%,77.5
lasten,0,2,0%,79.5
rondkomen,0,2,0%,80.5
is bruto met of zonder belasting,0,2,0%,82
netto vakantiegeld,0,2,0%,82
gemiddelde vaste lasten per maand,0,2,0%,82.5
berekening loonheffing salarisstrook,0,2,0%,83
hoeveel netto vakantiegeld,0,2,0%,84
50 30 20,0,2,0%,84.5
50/30/20 regel,0,2,0%,84.5
bruto naar netto 4 weken,0,2,0%,85
brutoloon en nettoloon,0,2,0%,85.5
wat kost een gezin,0,2,0%,85.5
bruto vakantiegeld naar netto,0,2,0%,87
van netto naar bruto,0,2,0%,88.5
hoeveel gaat er van je bruto loon af,0,2,0%,89.5
hoeveel procent gaat er van je bruto salaris af,0,2,0%,90
bruto netto vakantiegeld,0,2,0%,92
de potjes-check,0,2,0%,93.5
vakantiegeld netto,0,2,0%,95.5
wat is brutoloon,0,2,0%,96
meer grip op je gezondheid,0,2,0%,99
200 euro bruto naar netto,0,1,0%,1
3100 netto,0,1,0%,1
3400 netto per maand,0,1,0%,1
3600 netto goed salaris,0,1,0%,1
3800 netto per maand,0,1,0%,1
4000 euro brutto netto,0,1,0%,1
4200,0,1,0%,1
823,0,1,0%,1
anno 2026,0,1,0%,1
budget food zeewolde foto's,0,1,0%,1
clustermanager,0,1,0%,1
commercieel directeur salaris,0,1,0%,1
corporate recruiter salaris,0,1,0%,1
en netto,0,1,0%,1
gemiddeld inkomen,0,1,0%,1
gemiddeld inkomen per maand,0,1,0%,1
gemiddeld loon nederland netto,0,1,0%,1
gemiddeld netto jaarsalaris nederland,0,1,0%,1
gemiddelde salaris in nederland,0,1,0%,1
gemiddelde salaris nederland per maand,0,1,0%,1
hoeveel is 4000 netto,0,1,0%,1
hoeveel is 5000 netto naar bruto,0,1,0%,1
hoeveel is een modaal inkomen,0,1,0%,1
hoeveel verdien je netto als je 4000 bruto verdient,0,1,0%,1
inwoners brouwershaven,0,1,0%,1
is 3100 netto een goed salaris,0,1,0%,1
klarna rente te laat betalen,0,1,0%,1
kneiterduur,0,1,0%,1
marketeer,0,1,0%,1
marketing manager salaris,0,1,0%,1
midden inkomen nederland,0,1,0%,1
modaal loon nederland,0,1,0%,1
nee netto,0,1,0%,1
nettorama hoogerheide foto's,0,1,0%,1
nibud boodschappen gezin 3 personen per maand 2025,0,1,0%,1
revit tekenaar salaris,0,1,0%,1
salaris casemanager verzuim,0,1,0%,1
salaris engeland vs nederland,0,1,0%,1
salaris financieel administratief medewerker,0,1,0%,1
salaris holandia,0,1,0%,1
salaris hr manager,0,1,0%,1
salaris junior accountmanager,0,1,0%,1
salaris legal counsel,0,1,0%,1
salaris operator c,0,1,0%,1
salaris senior inkoper,0,1,0%,1
salaris service coordinator,0,1,0%,1
salaris storingsmonteur,0,1,0%,1
salaris teamleider productie,0,1,0%,1
salaris uitvoerder infra,0,1,0%,1
salaris zweden vs nederland,0,1,0%,1
sales executive salaris,0,1,0%,1
teamleider jumbo salaris,0,1,0%,1
ugc creator,0,1,0%,1
uitvoerder infra salaris,0,1,0%,1
waar is dit gevestigd,0,1,0%,1
wat doet een recruiter,0,1,0%,1
wat ga ik verdienen,0,1,0%,1
wat houd ik netto over,0,1,0%,1
wat is een middeninkomen in nederland,0,1,0%,1
wat is een modaal salaris 2026,0,1,0%,1
wat is een modaal salaris in nederland,0,1,0%,1
wat is gemiddeld bruto salaris,0,1,0%,1
wat is het gemiddelde bruto maandsalaris in nederland,0,1,0%,1
wat is het mediaan inkomen in nederland,0,1,0%,1
wat is modaal,0,1,0%,1
wat is modaal inkomen netto per maand,0,1,0%,1
wat verdien je gemiddeld,0,1,0%,1
wat verdiend een operationeel manager,0,1,0%,1
we zijn met 3,0,1,0%,1
woonlasten,0,1,0%,1
zo weinig?,0,1,0%,1
2 kinderen,0,1,0%,2
2000 euro,0,1,0%,2
24 uur werken salaris,0,1,0%,2
3300 netto per maand,0,1,0%,2
3400 bruto,0,1,0%,2
3400 bruto naar netto,0,1,0%,2
3800 netto,0,1,0%,2
4300 euro bruto naar netto,0,1,0%,2
4500 bruto is hoeveel netto,0,1,0%,2
4500 euro netto,0,1,0%,2
4800 bruto naar netto,0,1,0%,2
501 barema,0,1,0%,2
6 personen,0,1,0%,2
60 jaar,0,1,0%,2
80000 bruto per jaar,0,1,0%,2
aantal vacatures nederland,0,1,0%,2
aantal werknemers nmbs,0,1,0%,2
accountmanager betekenis,0,1,0%,2
administratie,0,1,0%,2
adviseur horeca,0,1,0%,2
ai engineer salaris,0,1,0%,2
akzonobel,0,1,0%,2
albron,0,1,0%,2